[{"model": "admin.logentry", "pk": 1, "fields": {"action_time": "2021-06-24T03:21:20.549Z", "user": 1, "content_type": 12, "object_id": "1", "object_repr": "test pin1", "action_flag": 1, "change_message": "[{\"added\": {}}]"}}, {"model": "admin.logentry", "pk": 2, "fields": {"action_time": "2021-06-24T03:22:12.310Z", "user": 1, "content_type": 12, "object_id": "2", "object_repr": "test pin5 mickey", "action_flag": 1, "change_message": "[{\"added\": {}}]"}}, {"model": "admin.logentry", "pk": 3, "fields": {"action_time": "2021-06-24T03:23:02.240Z", "user": 1, "content_type": 12, "object_id": "3", "object_repr": "test pin6 minnie", "action_flag": 1, "change_message": "[{\"added\": {}}]"}}, {"model": "admin.logentry", "pk": 4, "fields": {"action_time": "2021-06-24T03:24:00.731Z", "user": 1, "content_type": 13, "object_id": "4", "object_repr": "test pinset1", "action_flag": 1, "change_message": "[{\"added\": {}}]"}}, {"model": "admin.logentry", "pk": 5, "fields": {"action_time": "2021-06-24T03:24:16.694Z", "user": 1, "content_type": 17, "object_id": "1", "object_repr": "PinSetContent object (1)", "action_flag": 1, "change_message": "[{\"added\": {}}]"}}, {"model": "admin.logentry", "pk": 6, "fields": {"action_time": "2021-06-24T03:24:30.733Z", "user": 1, "content_type": 11, "object_id": "1", "object_repr": "irisa99's pinventory", "action_flag": 1, "change_message": "[{\"added\": {}}]"}}, {"model": "admin.logentry", "pk": 7, "fields": {"action_time": "2021-06-24T03:24:40.470Z", "user": 1, "content_type": 11, "object_id": "1", "object_repr": "irisa99's pinventory", "action_flag": 2, "change_message": "[{\"changed\": {\"fields\": [\"Public\"]}}]"}}, {"model": "admin.logentry", "pk": 8, "fields": {"action_time": "2021-06-24T03:24:49.609Z", "user": 1, "content_type": 11, "object_id": "2", "object_repr": "kim-admin's pinventory", "action_flag": 1, "change_message": "[{\"added\": {}}]"}}, {"model": "admin.logentry", "pk": 9, "fields": {"action_time": "2021-06-24T03:25:15.306Z", "user": 1, "content_type": 15, "object_id": "1", "object_repr": "PinventoryContent object (1)", "action_flag": 1, "change_message": "[{\"added\": {}}]"}}, {"model": "admin.logentry", "pk": 10, "fields": {"action_time": "2021-06-24T03:25:34.999Z", "user": 1, "content_type": 15, "object_id": "2", "object_repr": "PinventoryContent object (2)", "action_flag": 1, "change_message": "[{\"added\": {}}]"}}, {"model": "admin.logentry", "pk": 11, "fields": {"action_time": "2021-06-24T03:25:51.457Z", "user": 1, "content_type": 15, "object_id": "3", "object_repr": "PinventoryContent object (3)", "action_flag": 1, "change_message": "[{\"added\": {}}]"}}, {"model": "admin.logentry", "pk": 12, "fields": {"action_time": "2021-06-24T03:26:02.409Z", "user": 1, "content_type": 15, "object_id": "4", "object_repr": "PinventoryContent object (4)", "action_flag": 1, "change_message": "[{\"added\": {}}]"}}, {"model": "admin.logentry", "pk": 13, "fields": {"action_time": "2021-06-24T03:26:25.823Z", "user": 1, "content_type": 16, "object_id": "1", "object_repr": "ItemImage object (1)", "action_flag": 1, "change_message": "[{\"added\": {}}]"}}, {"model": "admin.logentry", "pk": 14, "fields": {"action_time": "2021-06-24T03:26:45.636Z", "user": 1, "content_type": 16, "object_id": "2", "object_repr": "ItemImage object (2)", "action_flag": 1, "change_message": "[{\"added\": {}}]"}}, {"model": "admin.logentry", "pk": 15, "fields": {"action_time": "2021-06-24T03:27:47.668Z", "user": 1, "content_type": 16, "object_id": "3", "object_repr": "ItemImage object (3)", "action_flag": 1, "change_message": "[{\"added\": {}}]"}}, {"model": "admin.logentry", "pk": 16, "fields": {"action_time": "2021-06-24T03:28:46.850Z", "user": 1, "content_type": 16, "object_id": "4", "object_repr": "ItemImage object (4)", "action_flag": 1, "change_message": "[{\"added\": {}}]"}}, {"model": "admin.logentry", "pk": 17, "fields": {"action_time": "2021-06-24T03:29:25.819Z", "user": 1, "content_type": 18, "object_id": "1", "object_repr": "Listing object (1)", "action_flag": 1, "change_message": "[{\"added\": {}}]"}}, {"model": "admin.logentry", "pk": 18, "fields": {"action_time": "2021-06-24T03:30:03.085Z", "user": 1, "content_type": 18, "object_id": "2", "object_repr": "Listing object (2)", "action_flag": 1, "change_message": "[{\"added\": {}}]"}}, {"model": "admin.logentry", "pk": 19, "fields": {"action_time": "2021-06-24T03:30:16.360Z", "user": 1, "content_type": 18, "object_id": "1", "object_repr": "Listing object (1)", "action_flag": 2, "change_message": "[{\"changed\": {\"fields\": [\"Price\"]}}]"}}, {"model": "admin.logentry", "pk": 20, "fields": {"action_time": "2021-06-24T03:30:35.934Z", "user": 1, "content_type": 19, "object_id": "1", "object_repr": "ListingImage object (1)", "action_flag": 1, "change_message": "[{\"added\": {}}]"}}, {"model": "admin.logentry", "pk": 21, "fields": {"action_time": "2021-06-24T03:30:55.350Z", "user": 1, "content_type": 19, "object_id": "2", "object_repr": "ListingImage object (2)", "action_flag": 1, "change_message": "[{\"added\": {}}]"}}, {"model": "admin.logentry", "pk": 22, "fields": {"action_time": "2021-06-24T03:31:02.973Z", "user": 1, "content_type": 19, "object_id": "1", "object_repr": "ListingImage object (1)", "action_flag": 2, "change_message": "[]"}}, {"model": "admin.logentry", "pk": 23, "fields": {"action_time": "2021-06-24T03:31:11.787Z", "user": 1, "content_type": 19, "object_id": "2", "object_repr": "ListingImage object (2)", "action_flag": 2, "change_message": "[{\"changed\": {\"fields\": [\"Listing\", \"Is primary\"]}}]"}}, {"model": "admin.logentry", "pk": 24, "fields": {"action_time": "2021-06-24T03:31:58.366Z", "user": 1, "content_type": 19, "object_id": "3", "object_repr": "ListingImage object (3)", "action_flag": 1, "change_message": "[{\"added\": {}}]"}}, {"model": "admin.logentry", "pk": 25, "fields": {"action_time": "2021-06-24T03:33:34.445Z", "user": 1, "content_type": 12, "object_id": "5", "object_repr": "test pin7 goofy", "action_flag": 1, "change_message": "[{\"added\": {}}]"}}, {"model": "admin.logentry", "pk": 26, "fields": {"action_time": "2021-06-24T03:34:35.185Z", "user": 1, "content_type": 12, "object_id": "6", "object_repr": "test pin2", "action_flag": 1, "change_message": "[{\"added\": {}}]"}}, {"model": "admin.logentry", "pk": 27, "fields": {"action_time": "2021-06-24T03:35:08.348Z", "user": 1, "content_type": 12, "object_id": "7", "object_repr": "test pin3", "action_flag": 1, "change_message": "[{\"added\": {}}]"}}, {"model": "admin.logentry", "pk": 28, "fields": {"action_time": "2021-06-24T03:35:55.015Z", "user": 1, "content_type": 13, "object_id": "8", "object_repr": "test pinset2", "action_flag": 1, "change_message": "[{\"added\": {}}]"}}, {"model": "admin.logentry", "pk": 29, "fields": {"action_time": "2021-06-24T03:36:07.529Z", "user": 1, "content_type": 17, "object_id": "2", "object_repr": "PinSetContent object (2)", "action_flag": 1, "change_message": "[{\"added\": {}}]"}}, {"model": "admin.logentry", "pk": 30, "fields": {"action_time": "2021-06-24T03:36:53.782Z", "user": 1, "content_type": 16, "object_id": "5", "object_repr": "ItemImage object (5)", "action_flag": 1, "change_message": "[{\"added\": {}}]"}}, {"model": "admin.logentry", "pk": 31, "fields": {"action_time": "2021-06-24T03:37:21.470Z", "user": 1, "content_type": 16, "object_id": "6", "object_repr": "ItemImage object (6)", "action_flag": 1, "change_message": "[{\"added\": {}}]"}}, {"model": "admin.logentry", "pk": 32, "fields": {"action_time": "2021-06-24T03:37:37.758Z", "user": 1, "content_type": 16, "object_id": "7", "object_repr": "ItemImage object (7)", "action_flag": 1, "change_message": "[{\"added\": {}}]"}}, {"model": "admin.logentry", "pk": 33, "fields": {"action_time": "2021-06-28T21:54:06.391Z", "user": 2, "content_type": 9, "object_id": "2", "object_repr": "Kim Kelleher", "action_flag": 1, "change_message": "[{\"added\": {}}]"}}, {"model": "admin.logentry", "pk": 34, "fields": {"action_time": "2021-06-28T21:54:43.705Z", "user": 2, "content_type": 9, "object_id": "1", "object_repr": "Site Administrator", "action_flag": 1, "change_message": "[{\"added\": {}}]"}}, {"model": "admin.logentry", "pk": 35, "fields": {"action_time": "2021-06-28T21:58:03.234Z", "user": 2, "content_type": 7, "object_id": "1", "object_repr": "Address object (1)", "action_flag": 1, "change_message": "[{\"added\": {}}]"}}, {"model": "admin.logentry", "pk": 36, "fields": {"action_time": "2021-07-28T00:45:47.431Z", "user": 2, "content_type": 6, "object_id": "3", "object_repr": "TestUser1", "action_flag": 1, "change_message": "[{\"added\": {}}]"}}, {"model": "admin.logentry", "pk": 37, "fields": {"action_time": "2021-07-28T01:03:21.904Z", "user": 2, "content_type": 6, "object_id": "3", "object_repr": "TestUser1", "action_flag": 2, "change_message": "[{\"changed\": {\"fields\": [\"Email\", \"User type\"]}}]"}}, {"model": "admin.logentry", "pk": 38, "fields": {"action_time": "2021-07-28T01:08:17.607Z", "user": 2, "content_type": 9, "object_id": "3", "object_repr": "Test User", "action_flag": 1, "change_message": "[{\"added\": {}}]"}}, {"model": "admin.logentry", "pk": 39, "fields": {"action_time": "2021-07-28T01:11:06.330Z", "user": 2, "content_type": 7, "object_id": "2", "object_repr": "Address object (2)", "action_flag": 1, "change_message": "[{\"added\": {}}]"}}, {"model": "admin.logentry", "pk": 40, "fields": {"action_time": "2021-07-28T01:13:22.029Z", "user": 2, "content_type": 11, "object_id": "3", "object_repr": "TestUser1's pinventory", "action_flag": 1, "change_message": "[{\"added\": {}}]"}}, {"model": "admin.logentry", "pk": 41, "fields": {"action_time": "2021-07-28T01:13:57.074Z", "user": 2, "content_type": 15, "object_id": "5", "object_repr": "PinventoryContent object (5)", "action_flag": 1, "change_message": "[{\"added\": {}}]"}}, {"model": "admin.logentry", "pk": 42, "fields": {"action_time": "2021-07-28T01:14:13.290Z", "user": 2, "content_type": 15, "object_id": "6", "object_repr": "PinventoryContent object (6)", "action_flag": 1, "change_message": "[{\"added\": {}}]"}}, {"model": "admin.logentry", "pk": 43, "fields": {"action_time": "2021-07-28T01:25:59.084Z", "user": 2, "content_type": 16, "object_id": "7", "object_repr": "ItemImage object (7)", "action_flag": 2, "change_message": "[{\"changed\": {\"fields\": [\"Image\"]}}]"}}, {"model": "admin.logentry", "pk": 44, "fields": {"action_time": "2021-07-28T01:26:44.490Z", "user": 2, "content_type": 16, "object_id": "6", "object_repr": "ItemImage object (6)", "action_flag": 2, "change_message": "[{\"changed\": {\"fields\": [\"Image\"]}}]"}}, {"model": "admin.logentry", "pk": 45, "fields": {"action_time": "2021-07-28T01:27:00.712Z", "user": 2, "content_type": 16, "object_id": "5", "object_repr": "ItemImage object (5)", "action_flag": 2, "change_message": "[{\"changed\": {\"fields\": [\"Image\"]}}]"}}, {"model": "admin.logentry", "pk": 46, "fields": {"action_time": "2021-07-28T01:27:17.711Z", "user": 2, "content_type": 16, "object_id": "4", "object_repr": "ItemImage object (4)", "action_flag": 2, "change_message": "[{\"changed\": {\"fields\": [\"Image\"]}}]"}}, {"model": "admin.logentry", "pk": 47, "fields": {"action_time": "2021-07-28T01:27:31.876Z", "user": 2, "content_type": 16, "object_id": "4", "object_repr": "ItemImage object (4)", "action_flag": 2, "change_message": "[{\"changed\": {\"fields\": [\"Image\"]}}]"}}, {"model": "admin.logentry", "pk": 48, "fields": {"action_time": "2021-07-28T01:27:58.532Z", "user": 2, "content_type": 16, "object_id": "3", "object_repr": "ItemImage object (3)", "action_flag": 2, "change_message": "[{\"changed\": {\"fields\": [\"Image\"]}}]"}}, {"model": "admin.logentry", "pk": 49, "fields": {"action_time": "2021-07-28T01:28:14.903Z", "user": 2, "content_type": 16, "object_id": "2", "object_repr": "ItemImage object (2)", "action_flag": 2, "change_message": "[{\"changed\": {\"fields\": [\"Image\"]}}]"}}, {"model": "admin.logentry", "pk": 50, "fields": {"action_time": "2021-07-28T01:28:34.254Z", "user": 2, "content_type": 16, "object_id": "1", "object_repr": "ItemImage object (1)", "action_flag": 2, "change_message": "[{\"changed\": {\"fields\": [\"Image\"]}}]"}}, {"model": "admin.logentry", "pk": 51, "fields": {"action_time": "2021-07-28T01:29:16.664Z", "user": 2, "content_type": 16, "object_id": "6", "object_repr": "ItemImage object (6)", "action_flag": 2, "change_message": "[{\"changed\": {\"fields\": [\"Image\"]}}]"}}, {"model": "admin.logentry", "pk": 52, "fields": {"action_time": "2021-07-28T01:33:31.678Z", "user": 2, "content_type": 18, "object_id": "3", "object_repr": "Listing object (3)", "action_flag": 1, "change_message": "[{\"added\": {}}]"}}, {"model": "admin.logentry", "pk": 53, "fields": {"action_time": "2021-07-28T01:33:52.759Z", "user": 2, "content_type": 18, "object_id": "4", "object_repr": "Listing object (4)", "action_flag": 1, "change_message": "[{\"added\": {}}]"}}, {"model": "admin.logentry", "pk": 54, "fields": {"action_time": "2021-07-28T23:24:40.497Z", "user": 2, "content_type": 16, "object_id": "7", "object_repr": "ItemImage object (7)", "action_flag": 2, "change_message": "[{\"changed\": {\"fields\": [\"Image\"]}}]"}}, {"model": "admin.logentry", "pk": 55, "fields": {"action_time": "2021-07-28T23:25:17.746Z", "user": 2, "content_type": 16, "object_id": "6", "object_repr": "ItemImage object (6)", "action_flag": 2, "change_message": "[{\"changed\": {\"fields\": [\"Image\"]}}]"}}, {"model": "admin.logentry", "pk": 56, "fields": {"action_time": "2021-07-28T23:25:39.945Z", "user": 2, "content_type": 16, "object_id": "5", "object_repr": "ItemImage object (5)", "action_flag": 2, "change_message": "[{\"changed\": {\"fields\": [\"Image\"]}}]"}}, {"model": "admin.logentry", "pk": 57, "fields": {"action_time": "2021-07-28T23:29:21.599Z", "user": 2, "content_type": 16, "object_id": "7", "object_repr": "ItemImage object (7)", "action_flag": 2, "change_message": "[{\"changed\": {\"fields\": [\"Image\"]}}]"}}, {"model": "admin.logentry", "pk": 58, "fields": {"action_time": "2021-07-28T23:29:42.340Z", "user": 2, "content_type": 16, "object_id": "6", "object_repr": "ItemImage object (6)", "action_flag": 2, "change_message": "[{\"changed\": {\"fields\": [\"Image\"]}}]"}}, {"model": "admin.logentry", "pk": 59, "fields": {"action_time": "2021-07-28T23:30:10.118Z", "user": 2, "content_type": 16, "object_id": "5", "object_repr": "ItemImage object (5)", "action_flag": 2, "change_message": "[{\"changed\": {\"fields\": [\"Image\"]}}]"}}, {"model": "admin.logentry", "pk": 60, "fields": {"action_time": "2021-07-28T23:30:29.469Z", "user": 2, "content_type": 16, "object_id": "4", "object_repr": "ItemImage object (4)", "action_flag": 2, "change_message": "[{\"changed\": {\"fields\": [\"Image\"]}}]"}}, {"model": "admin.logentry", "pk": 61, "fields": {"action_time": "2021-07-28T23:30:47.494Z", "user": 2, "content_type": 16, "object_id": "3", "object_repr": "ItemImage object (3)", "action_flag": 2, "change_message": "[{\"changed\": {\"fields\": [\"Image\"]}}]"}}, {"model": "admin.logentry", "pk": 62, "fields": {"action_time": "2021-07-28T23:31:03.854Z", "user": 2, "content_type": 16, "object_id": "2", "object_repr": "ItemImage object (2)", "action_flag": 2, "change_message": "[{\"changed\": {\"fields\": [\"Image\"]}}]"}}, {"model": "admin.logentry", "pk": 63, "fields": {"action_time": "2021-07-28T23:31:26.251Z", "user": 2, "content_type": 16, "object_id": "1", "object_repr": "ItemImage object (1)", "action_flag": 2, "change_message": "[{\"changed\": {\"fields\": [\"Image\"]}}]"}}, {"model": "admin.logentry", "pk": 64, "fields": {"action_time": "2021-07-28T23:31:53.902Z", "user": 2, "content_type": 19, "object_id": "1", "object_repr": "ListingImage object (1)", "action_flag": 2, "change_message": "[{\"changed\": {\"fields\": [\"Image\"]}}]"}}, {"model": "admin.logentry", "pk": 65, "fields": {"action_time": "2021-07-28T23:32:25.390Z", "user": 2, "content_type": 19, "object_id": "2", "object_repr": "ListingImage object (2)", "action_flag": 2, "change_message": "[{\"changed\": {\"fields\": [\"Image\", \"Is primary\"]}}]"}}, {"model": "admin.logentry", "pk": 66, "fields": {"action_time": "2021-07-28T23:32:43.659Z", "user": 2, "content_type": 19, "object_id": "3", "object_repr": "ListingImage object (3)", "action_flag": 2, "change_message": "[{\"changed\": {\"fields\": [\"Image\"]}}]"}}, {"model": "admin.logentry", "pk": 67, "fields": {"action_time": "2021-07-28T23:33:09.925Z", "user": 2, "content_type": 19, "object_id": "3", "object_repr": "ListingImage object (3)", "action_flag": 2, "change_message": "[{\"changed\": {\"fields\": [\"Image\"]}}]"}}, {"model": "admin.logentry", "pk": 68, "fields": {"action_time": "2021-07-29T23:52:38.138Z", "user": 2, "content_type": 6, "object_id": "3", "object_repr": "TestUser1", "action_flag": 2, "change_message": "[{\"changed\": {\"fields\": [\"password\"]}}]"}}, {"model": "auth.permission", "pk": 1, "fields": {"name": "Can add log entry", "content_type": 1, "codename": "add_logentry"}}, {"model": "auth.permission", "pk": 2, "fields": {"name": "Can change log entry", "content_type": 1, "codename": "change_logentry"}}, {"model": "auth.permission", "pk": 3, "fields": {"name": "Can delete log entry", "content_type": 1, "codename": "delete_logentry"}}, {"model": "auth.permission", "pk": 4, "fields": {"name": "Can view log entry", "content_type": 1, "codename": "view_logentry"}}, {"model": "auth.permission", "pk": 5, "fields": {"name": "Can add permission", "content_type": 2, "codename": "add_permission"}}, {"model": "auth.permission", "pk": 6, "fields": {"name": "Can change permission", "content_type": 2, "codename": "change_permission"}}, {"model": "auth.permission", "pk": 7, "fields": {"name": "Can delete permission", "content_type": 2, "codename": "delete_permission"}}, {"model": "auth.permission", "pk": 8, "fields": {"name": "Can view permission", "content_type": 2, "codename": "view_permission"}}, {"model": "auth.permission", "pk": 9, "fields": {"name": "Can add group", "content_type": 3, "codename": "add_group"}}, {"model": "auth.permission", "pk": 10, "fields": {"name": "Can change group", "content_type": 3, "codename": "change_group"}}, {"model": "auth.permission", "pk": 11, "fields": {"name": "Can delete group", "content_type": 3, "codename": "delete_group"}}, {"model": "auth.permission", "pk": 12, "fields": {"name": "Can view group", "content_type": 3, "codename": "view_group"}}, {"model": "auth.permission", "pk": 13, "fields": {"name": "Can add content type", "content_type": 4, "codename": "add_contenttype"}}, {"model": "auth.permission", "pk": 14, "fields": {"name": "Can change content type", "content_type": 4, "codename": "change_contenttype"}}, {"model": "auth.permission", "pk": 15, "fields": {"name": "Can delete content type", "content_type": 4, "codename": "delete_contenttype"}}, {"model": "auth.permission", "pk": 16, "fields": {"name": "Can view content type", "content_type": 4, "codename": "view_contenttype"}}, {"model": "auth.permission", "pk": 17, "fields": {"name": "Can add session", "content_type": 5, "codename": "add_session"}}, {"model": "auth.permission", "pk": 18, "fields": {"name": "Can change session", "content_type": 5, "codename": "change_session"}}, {"model": "auth.permission", "pk": 19, "fields": {"name": "Can delete session", "content_type": 5, "codename": "delete_session"}}, {"model": "auth.permission", "pk": 20, "fields": {"name": "Can view session", "content_type": 5, "codename": "view_session"}}, {"model": "auth.permission", "pk": 21, "fields": {"name": "Can add user", "content_type": 6, "codename": "add_user"}}, {"model": "auth.permission", "pk": 22, "fields": {"name": "Can change user", "content_type": 6, "codename": "change_user"}}, {"model": "auth.permission", "pk": 23, "fields": {"name": "Can delete user", "content_type": 6, "codename": "delete_user"}}, {"model": "auth.permission", "pk": 24, "fields": {"name": "Can view user", "content_type": 6, "codename": "view_user"}}, {"model": "auth.permission", "pk": 25, "fields": {"name": "Can add address", "content_type": 7, "codename": "add_address"}}, {"model": "auth.permission", "pk": 26, "fields": {"name": "Can change address", "content_type": 7, "codename": "change_address"}}, {"model": "auth.permission", "pk": 27, "fields": {"name": "Can delete address", "content_type": 7, "codename": "delete_address"}}, {"model": "auth.permission", "pk": 28, "fields": {"name": "Can view address", "content_type": 7, "codename": "view_address"}}, {"model": "auth.permission", "pk": 29, "fields": {"name": "Can add trade credits", "content_type": 8, "codename": "add_tradecredits"}}, {"model": "auth.permission", "pk": 30, "fields": {"name": "Can change trade credits", "content_type": 8, "codename": "change_tradecredits"}}, {"model": "auth.permission", "pk": 31, "fields": {"name": "Can delete trade credits", "content_type": 8, "codename": "delete_tradecredits"}}, {"model": "auth.permission", "pk": 32, "fields": {"name": "Can view trade credits", "content_type": 8, "codename": "view_tradecredits"}}, {"model": "auth.permission", "pk": 33, "fields": {"name": "Can add person", "content_type": 9, "codename": "add_person"}}, {"model": "auth.permission", "pk": 34, "fields": {"name": "Can change person", "content_type": 9, "codename": "change_person"}}, {"model": "auth.permission", "pk": 35, "fields": {"name": "Can delete person", "content_type": 9, "codename": "delete_person"}}, {"model": "auth.permission", "pk": 36, "fields": {"name": "Can view person", "content_type": 9, "codename": "view_person"}}, {"model": "auth.permission", "pk": 37, "fields": {"name": "Can add item", "content_type": 10, "codename": "add_item"}}, {"model": "auth.permission", "pk": 38, "fields": {"name": "Can change item", "content_type": 10, "codename": "change_item"}}, {"model": "auth.permission", "pk": 39, "fields": {"name": "Can delete item", "content_type": 10, "codename": "delete_item"}}, {"model": "auth.permission", "pk": 40, "fields": {"name": "Can view item", "content_type": 10, "codename": "view_item"}}, {"model": "auth.permission", "pk": 41, "fields": {"name": "Can add pinventory", "content_type": 11, "codename": "add_pinventory"}}, {"model": "auth.permission", "pk": 42, "fields": {"name": "Can change pinventory", "content_type": 11, "codename": "change_pinventory"}}, {"model": "auth.permission", "pk": 43, "fields": {"name": "Can delete pinventory", "content_type": 11, "codename": "delete_pinventory"}}, {"model": "auth.permission", "pk": 44, "fields": {"name": "Can view pinventory", "content_type": 11, "codename": "view_pinventory"}}, {"model": "auth.permission", "pk": 45, "fields": {"name": "Can add pin", "content_type": 12, "codename": "add_pin"}}, {"model": "auth.permission", "pk": 46, "fields": {"name": "Can change pin", "content_type": 12, "codename": "change_pin"}}, {"model": "auth.permission", "pk": 47, "fields": {"name": "Can delete pin", "content_type": 12, "codename": "delete_pin"}}, {"model": "auth.permission", "pk": 48, "fields": {"name": "Can view pin", "content_type": 12, "codename": "view_pin"}}, {"model": "auth.permission", "pk": 49, "fields": {"name": "Can add pin set", "content_type": 13, "codename": "add_pinset"}}, {"model": "auth.permission", "pk": 50, "fields": {"name": "Can change pin set", "content_type": 13, "codename": "change_pinset"}}, {"model": "auth.permission", "pk": 51, "fields": {"name": "Can delete pin set", "content_type": 13, "codename": "delete_pinset"}}, {"model": "auth.permission", "pk": 52, "fields": {"name": "Can view pin set", "content_type": 13, "codename": "view_pinset"}}, {"model": "auth.permission", "pk": 53, "fields": {"name": "Can add user estimated value", "content_type": 14, "codename": "add_userestimatedvalue"}}, {"model": "auth.permission", "pk": 54, "fields": {"name": "Can change user estimated value", "content_type": 14, "codename": "change_userestimatedvalue"}}, {"model": "auth.permission", "pk": 55, "fields": {"name": "Can delete user estimated value", "content_type": 14, "codename": "delete_userestimatedvalue"}}, {"model": "auth.permission", "pk": 56, "fields": {"name": "Can view user estimated value", "content_type": 14, "codename": "view_userestimatedvalue"}}, {"model": "auth.permission", "pk": 57, "fields": {"name": "Can add pinventory content", "content_type": 15, "codename": "add_pinventorycontent"}}, {"model": "auth.permission", "pk": 58, "fields": {"name": "Can change pinventory content", "content_type": 15, "codename": "change_pinventorycontent"}}, {"model": "auth.permission", "pk": 59, "fields": {"name": "Can delete pinventory content", "content_type": 15, "codename": "delete_pinventorycontent"}}, {"model": "auth.permission", "pk": 60, "fields": {"name": "Can view pinventory content", "content_type": 15, "codename": "view_pinventorycontent"}}, {"model": "auth.permission", "pk": 61, "fields": {"name": "Can add item image", "content_type": 16, "codename": "add_itemimage"}}, {"model": "auth.permission", "pk": 62, "fields": {"name": "Can change item image", "content_type": 16, "codename": "change_itemimage"}}, {"model": "auth.permission", "pk": 63, "fields": {"name": "Can delete item image", "content_type": 16, "codename": "delete_itemimage"}}, {"model": "auth.permission", "pk": 64, "fields": {"name": "Can view item image", "content_type": 16, "codename": "view_itemimage"}}, {"model": "auth.permission", "pk": 65, "fields": {"name": "Can add pin set content", "content_type": 17, "codename": "add_pinsetcontent"}}, {"model": "auth.permission", "pk": 66, "fields": {"name": "Can change pin set content", "content_type": 17, "codename": "change_pinsetcontent"}}, {"model": "auth.permission", "pk": 67, "fields": {"name": "Can delete pin set content", "content_type": 17, "codename": "delete_pinsetcontent"}}, {"model": "auth.permission", "pk": 68, "fields": {"name": "Can view pin set content", "content_type": 17, "codename": "view_pinsetcontent"}}, {"model": "auth.permission", "pk": 69, "fields": {"name": "Can add listing", "content_type": 18, "codename": "add_listing"}}, {"model": "auth.permission", "pk": 70, "fields": {"name": "Can change listing", "content_type": 18, "codename": "change_listing"}}, {"model": "auth.permission", "pk": 71, "fields": {"name": "Can delete listing", "content_type": 18, "codename": "delete_listing"}}, {"model": "auth.permission", "pk": 72, "fields": {"name": "Can view listing", "content_type": 18, "codename": "view_listing"}}, {"model": "auth.permission", "pk": 73, "fields": {"name": "Can add listing image", "content_type": 19, "codename": "add_listingimage"}}, {"model": "auth.permission", "pk": 74, "fields": {"name": "Can change listing image", "content_type": 19, "codename": "change_listingimage"}}, {"model": "auth.permission", "pk": 75, "fields": {"name": "Can delete listing image", "content_type": 19, "codename": "delete_listingimage"}}, {"model": "auth.permission", "pk": 76, "fields": {"name": "Can view listing image", "content_type": 19, "codename": "view_listingimage"}}, {"model": "auth.permission", "pk": 77, "fields": {"name": "Can add order", "content_type": 20, "codename": "add_order"}}, {"model": "auth.permission", "pk": 78, "fields": {"name": "Can change order", "content_type": 20, "codename": "change_order"}}, {"model": "auth.permission", "pk": 79, "fields": {"name": "Can delete order", "content_type": 20, "codename": "delete_order"}}, {"model": "auth.permission", "pk": 80, "fields": {"name": "Can view order", "content_type": 20, "codename": "view_order"}}, {"model": "auth.permission", "pk": 81, "fields": {"name": "Can add order item", "content_type": 21, "codename": "add_orderitem"}}, {"model": "auth.permission", "pk": 82, "fields": {"name": "Can change order item", "content_type": 21, "codename": "change_orderitem"}}, {"model": "auth.permission", "pk": 83, "fields": {"name": "Can delete order item", "content_type": 21, "codename": "delete_orderitem"}}, {"model": "auth.permission", "pk": 84, "fields": {"name": "Can view order item", "content_type": 21, "codename": "view_orderitem"}}, {"model": "auth.permission", "pk": 85, "fields": {"name": "Can add PayPal IPN", "content_type": 22, "codename": "add_paypalipn"}}, {"model": "auth.permission", "pk": 86, "fields": {"name": "Can change PayPal IPN", "content_type": 22, "codename": "change_paypalipn"}}, {"model": "auth.permission", "pk": 87, "fields": {"name": "Can delete PayPal IPN", "content_type": 22, "codename": "delete_paypalipn"}}, {"model": "auth.permission", "pk": 88, "fields": {"name": "Can view PayPal IPN", "content_type": 22, "codename": "view_paypalipn"}}, {"model": "auth.permission", "pk": 89, "fields": {"name": "Can add bookmark", "content_type": 23, "codename": "add_bookmark"}}, {"model": "auth.permission", "pk": 90, "fields": {"name": "Can change bookmark", "content_type": 23, "codename": "change_bookmark"}}, {"model": "auth.permission", "pk": 91, "fields": {"name": "Can delete bookmark", "content_type": 23, "codename": "delete_bookmark"}}, {"model": "auth.permission", "pk": 92, "fields": {"name": "Can view bookmark", "content_type": 23, "codename": "view_bookmark"}}, {"model": "auth.permission", "pk": 93, "fields": {"name": "Can add pinned application", "content_type": 24, "codename": "add_pinnedapplication"}}, {"model": "auth.permission", "pk": 94, "fields": {"name": "Can change pinned application", "content_type": 24, "codename": "change_pinnedapplication"}}, {"model": "auth.permission", "pk": 95, "fields": {"name": "Can delete pinned application", "content_type": 24, "codename": "delete_pinnedapplication"}}, {"model": "auth.permission", "pk": 96, "fields": {"name": "Can view pinned application", "content_type": 24, "codename": "view_pinnedapplication"}}, {"model": "auth.permission", "pk": 97, "fields": {"name": "Can add user dashboard module", "content_type": 25, "codename": "add_userdashboardmodule"}}, {"model": "auth.permission", "pk": 98, "fields": {"name": "Can change user dashboard module", "content_type": 25, "codename": "change_userdashboardmodule"}}, {"model": "auth.permission", "pk": 99, "fields": {"name": "Can delete user dashboard module", "content_type": 25, "codename": "delete_userdashboardmodule"}}, {"model": "auth.permission", "pk": 100, "fields": {"name": "Can view user dashboard module", "content_type": 25, "codename": "view_userdashboardmodule"}}, {"model": "auth.permission", "pk": 101, "fields": {"name": "Can add trade offer", "content_type": 26, "codename": "add_tradeoffer"}}, {"model": "auth.permission", "pk": 102, "fields": {"name": "Can change trade offer", "content_type": 26, "codename": "change_tradeoffer"}}, {"model": "auth.permission", "pk": 103, "fields": {"name": "Can delete trade offer", "content_type": 26, "codename": "delete_tradeoffer"}}, {"model": "auth.permission", "pk": 104, "fields": {"name": "Can view trade offer", "content_type": 26, "codename": "view_tradeoffer"}}, {"model": "contenttypes.contenttype", "pk": 1, "fields": {"app_label": "admin", "model": "logentry"}}, {"model": "contenttypes.contenttype", "pk": 2, "fields": {"app_label": "auth", "model": "permission"}}, {"model": "contenttypes.contenttype", "pk": 3, "fields": {"app_label": "auth", "model": "group"}}, {"model": "contenttypes.contenttype", "pk": 4, "fields": {"app_label": "contenttypes", "model": "contenttype"}}, {"model": "contenttypes.contenttype", "pk": 5, "fields": {"app_label": "sessions", "model": "session"}}, {"model": "contenttypes.contenttype", "pk": 6, "fields": {"app_label": "accounts", "model": "user"}}, {"model": "contenttypes.contenttype", "pk": 7, "fields": {"app_label": "accounts", "model": "address"}}, {"model": "contenttypes.contenttype", "pk": 8, "fields": {"app_label": "accounts", "model": "tradecredits"}}, {"model": "contenttypes.contenttype", "pk": 9, "fields": {"app_label": "accounts", "model": "person"}}, {"model": "contenttypes.contenttype", "pk": 10, "fields": {"app_label": "main", "model": "item"}}, {"model": "contenttypes.contenttype", "pk": 11, "fields": {"app_label": "main", "model": "pinventory"}}, {"model": "contenttypes.contenttype", "pk": 12, "fields": {"app_label": "main", "model": "pin"}}, {"model": "contenttypes.contenttype", "pk": 13, "fields": {"app_label": "main", "model": "pinset"}}, {"model": "contenttypes.contenttype", "pk": 14, "fields": {"app_label": "main", "model": "userestimatedvalue"}}, {"model": "contenttypes.contenttype", "pk": 15, "fields": {"app_label": "main", "model": "pinventorycontent"}}, {"model": "contenttypes.contenttype", "pk": 16, "fields": {"app_label": "main", "model": "itemimage"}}, {"model": "contenttypes.contenttype", "pk": 17, "fields": {"app_label": "main", "model": "pinsetcontent"}}, {"model": "contenttypes.contenttype", "pk": 18, "fields": {"app_label": "trans", "model": "listing"}}, {"model": "contenttypes.contenttype", "pk": 19, "fields": {"app_label": "trans", "model": "listingimage"}}, {"model": "contenttypes.contenttype", "pk": 20, "fields": {"app_label": "orders", "model": "order"}}, {"model": "contenttypes.contenttype", "pk": 21, "fields": {"app_label": "orders", "model": "orderitem"}}, {"model": "contenttypes.contenttype", "pk": 22, "fields": {"app_label": "ipn", "model": "paypalipn"}}, {"model": "contenttypes.contenttype", "pk": 23, "fields": {"app_label": "jet", "model": "bookmark"}}, {"model": "contenttypes.contenttype", "pk": 24, "fields": {"app_label": "jet", "model": "pinnedapplication"}}, {"model": "contenttypes.contenttype", "pk": 25, "fields": {"app_label": "dashboard", "model": "userdashboardmodule"}}, {"model": "contenttypes.contenttype", "pk": 26, "fields": {"app_label": "trans", "model": "tradeoffer"}}, {"model": "sessions.session", "pk": "2skyimf4nqw0hrbw2znnlf2l8qjv4t70", "fields": {"session_data": "eyJjYXJ0Ijp7fX0:1mBlzC:ukl4IGjyrvA849J3RXNnExDp85h8d4F_QQXR_zA56HQ", "expire_date": "2021-08-10T22:37:10.405Z"}}, {"model": "sessions.session", "pk": "3g4s5ellw0fkd9bmt386xwp211lamin1", "fields": {"session_data": ".eJxVjEEOgjAQRe8ya9KktJSWpXu9AplpR0FNG6EsDOHuWmXD6if_vbwVPE4ZuhUuKXLZ14Ixj_kNnaxgDND9ybZV0OOSh36Zeep_oIbDR-gfHAsId4y3JHyKeRpJFEXsdBbnFPh52t1DYMB5KFmjZa1Zk7bUeqmMdtyyVPbKbLEhvjqlHHuywZD-2kZ5bJraOpSuRYLtA0aoRYM:1lwK9G:x4aP6LSHynRJV3AnaROPHwQJNqt5nIqZArSeuTQ1g-I", "expire_date": "2021-06-29T07:51:42.212Z"}}, {"model": "sessions.session", "pk": "71cacu37anli8z2zpqvt1u08g3taj6sl", "fields": {"session_data": ".eJxVjjEOgzAMRe_iGUUKCSFh7N4zIDsxhbYKKoShQrl7g8RQFg9-T09_hx63NPbbyks_Beighur_R-hfHA8Qnhgfs_BzTMtE4lDESVdxnwO_b6d7CYy4jkfWaFlr1qQttV4qox23LJUdmC02xINTyrEnGwzpYhvlsWlq61C6FqlEPS4Jur0sLOezYUxT-kKnKjiH5wrklcmTScg5_wBnj0q2:1lyOcU:ZzKmhd4AEiqstZPLdMARZfImtmSBGLd0-FXjglp7Xs4", "expire_date": "2021-07-05T01:02:26.882Z"}}, {"model": "sessions.session", "pk": "8picxsuk46zj7z9nhmwf4ag15vk3this", "fields": {"session_data": ".eJxVjEEOgyAQRe8ya0OCIILL7nsGMgNjtW0wVVw0xrtXGjdu_uL9l7dBwDlDt4Es81kx5TF_oZMVjBG6A-97BR7XPPh14dn_aQ0XRhhenMoRn5gekwhTyvNIoijifBdxnyK_b6d7CQy4DCVrtKw1a9KW2iCV0Y5blsr2zBYb4t4p5TiQjYb0YRsVsGlq61C6Fgn2HxajQsU:1m7hlZ:AV6wfPgiYGru_hq7nH0SaudAqONYt3y8FIn0QFvvWg0", "expire_date": "2021-07-30T17:18:17.629Z"}}, {"model": "sessions.session", "pk": "cmu4pb1tlcycvxsaobjh0jpzbun6ccx2", "fields": {"session_data": ".eJxVjDsOgzAQRO-ydWTJH4xNmT5nQLv2Ekgio4ApIsTdgyU3NFPMezM7BFwydDuoEt8NU57yDzpzgylCd9bHDeSVqcokHCfscctjv6289HVx6QjDm1MB8YXpOYswp7xMJIoiKl3FY478uVf3cjDiOpZba6QybMg4aoPU1nhuWWo3MDtsiAevtedALloyp211wKZRzqP0LRIcfxQLSrg:1lxMRa:gwhxRmXmESLQKFUTLMlQVh9gWYTpcJku_uUmt3Lz8cw", "expire_date": "2021-07-02T04:30:54.374Z"}}, {"model": "sessions.session", "pk": "fe28b497edielhz2smqgoo3rhm00g6wt", "fields": {"session_data": ".eJxVjMsKgzAQAP9lzyWQd-Kx935D2E3WxrYoaDyJ_24FL15nhtkg49yg2_YHJFxbTevCcxoKdKDgxgjzl8dTlA-O70nkaWzzQOJMxGUX8ZoK_55XextUXOq5dUYqw4ZMIJ-ldiayZ6lDzxzQEvdR68iZQnFk_rXTGa1VIaKMHgn2AxzCOwQ:1mBpuY:SzMCfd-yruCaEoqoboITrTeDZ0YWbuR6y5dYqKXEdSA", "expire_date": "2021-08-11T02:48:38.364Z"}}, {"model": "sessions.session", "pk": "glt4vy16mcz1cxx7qzw2s44eolarhj79", "fields": {"session_data": "eyJjYXJ0Ijp7fX0:1m0VGt:yCcgExUZS8_xjkyxUf8xm1G_lmeCDcFjMZoJTIm6BMs", "expire_date": "2021-07-10T20:32:51.497Z"}}, {"model": "sessions.session", "pk": "kttcijw7tjvhr09lr0x1q8v6j1dfcbsx", "fields": {"session_data": "eyJjYXJ0Ijp7fX0:1mCTgj:nN7GFu6qFchcqcJ976ZdWqCwicZ5n339AAkm2PkAUrI", "expire_date": "2021-08-12T21:17:01.147Z"}}, {"model": "sessions.session", "pk": "o18hp9v7xj1ymccggvikh1cqyr07v5s3", "fields": {"session_data": ".eJxVjMEOgyAQRP9lz4YEQQSPvfcbzC6s1bbBVPFgjP9eSbh4mcO8N3OAxyVBd0Cd47dhTFPaoVMVTAG6qz4rkHcmC5NwXrDHLY39tvLSl8WtI_QfjhmEN8bXLPwc0zKRyIoodBXPOfD3UdzbwYjrmG-NlrVmTdpS66Uy2nHLUtmB2WJDPDilHHuywZC-bKM8Nk1tHUrXIsH5BxKBSrY:1m0VGH:sJxfOgv2m55REygoN9VISRI62JQn499_Uh-oQxlcnNg", "expire_date": "2021-07-10T20:32:13.647Z"}}, {"model": "sessions.session", "pk": "tryte9vh4yoylyjlbcivd6lj8uqmtwo5", "fields": {"session_data": "eyJjYXJ0Ijp7fX0:1m8bpW:XfFQYYvGKYJcoL8vidjdikF05rwX68eMk-VdXAa48Tw", "expire_date": "2021-08-02T05:10:06.785Z"}}, {"model": "sessions.session", "pk": "zrqi0y27vxvbc1un369kcegzibo8jg65", "fields": {"session_data": ".eJxVjEEOgyAQRe8y64ZAQLAuu-8ZyMwwVtsGEtSV8e5q4sbte-__FRjrDN26PSDiMg9xmaTGMUEHDm6MkH-ST5G-mD9FcclzHUmdibrspN4lyf91tbeDAafhWBsOpkXPFkPjnBekIBQaa9CT0dRozf5p-WCaMLDTbW-FPDqSnkUH2HYuJDvF:1mCTlA:XDEbFs08tqjuD4uGi41FEx-z8rzYwPe6lzJ6Pv0cDzc", "expire_date": "2021-08-12T21:21:36.161Z"}}, {"model": "accounts.user", "pk": 1, "fields": {"password": "pbkdf2_sha256$260000$FnY2hAZcllIdk33SKl4I5z$ZoKBgXlxAtn3zCRQDMow1Vkj24EZ+hxCtXPoXGcbYa8=", "email": "iheartpins.app@gmail.com", "username": "kim-admin", "user_date_created": "2021-06-24T03:19:07.498Z", "user_last_edit": "2021-06-24T03:19:07.404Z", "last_login": "2021-08-06T00:43:58.277Z", "is_active": true, "is_superuser": true, "is_admin": true, "is_staff": true, "user_type": null, "user_status": null, "warning_flag": null, "uom_pref": null, "bal_trade_credits": null, "current_rating": null, "user_notes": null, "profile_pic": ""}}, {"model": "accounts.user", "pk": 2, "fields": {"password": "pbkdf2_sha256$260000$TpYkFQ9Hzs7zSYj2tcDogE$NJ2vWoX1CqmKQChGvYXmr9Y3ef1wCsYnqUiAbHlpX9U=", "email": "irisa99@gmail.com", "username": "irisa99", "user_date_created": "2021-06-24T03:19:42.519Z", "user_last_edit": "2021-06-24T03:19:42.425Z", "last_login": "2021-08-06T01:14:19.695Z", "is_active": true, "is_superuser": true, "is_admin": true, "is_staff": true, "user_type": null, "user_status": null, "warning_flag": null, "uom_pref": null, "bal_trade_credits": null, "current_rating": null, "user_notes": null, "profile_pic": ""}}, {"model": "accounts.user", "pk": 3, "fields": {"password": "pbkdf2_sha256$260000$0ZJFv4Izk7w3h9q05Apjlb$VHNrOwAE7JKjqisDnW9Xmg25M8xKnDCpc3fAcTVNeWE=", "email": "testuser1@gmail.com", "username": "TestUser1", "user_date_created": "2021-07-28T00:45:47.428Z", "user_last_edit": "2021-07-28T00:45:47.320Z", "last_login": "2021-07-30T02:19:56.848Z", "is_active": true, "is_superuser": false, "is_admin": false, "is_staff": false, "user_type": "1", "user_status": null, "warning_flag": null, "uom_pref": null, "bal_trade_credits": null, "current_rating": null, "user_notes": "", "profile_pic": ""}}, {"model": "accounts.user", "pk": 4, "fields": {"password": "pbkdf2_sha256$260000$RUdedIkIMjSh4QTP2V4xuO$13r0ADRKS0q4wn5Hl7EejIt+Q3HvloETyOqi573wmAE=", "email": "testuser@ihp.com", "username": "guest", "user_date_created": "2021-08-07T21:13:41.122Z", "user_last_edit": "2021-08-07T21:13:40.843Z", "last_login": "2021-08-07T21:14:22.247Z", "is_active": true, "is_superuser": true, "is_admin": true, "is_staff": true, "user_type": null, "user_status": null, "warning_flag": null, "uom_pref": null, "bal_trade_credits": null, "current_rating": null, "user_notes": null, "profile_pic": ""}}, {"model": "accounts.person", "pk": 1, "fields": {"firstname": "Site", "lastname": "Administrator", "phone": null, "is_cellphone": true}}, {"model": "accounts.person", "pk": 2, "fields": {"firstname": "Kim", "lastname": "Kelleher", "phone": null, "is_cellphone": true}}, {"model": "accounts.person", "pk": 3, "fields": {"firstname": "Test", "lastname": "User", "phone": null, "is_cellphone": true}}, {"model": "accounts.address", "pk": 1, "fields": {"person": 2, "street1": "604 Sunnybrook Circle", "street2": null, "city": "Turlock", "state": "CA", "postalcode": "95382", "country": "USA", "is_shipping": true, "is_billing": true, "is_inactive": false}}, {"model": "accounts.address", "pk": 2, "fields": {"person": 3, "street1": "2970 Sandstone St", "street2": null, "city": "Turlock", "state": "CA", "postalcode": "95382", "country": "United States", "is_shipping": true, "is_billing": true, "is_inactive": false}}, {"model": "main.pinventory", "pk": 1, "fields": {"owner": 2, "is_public_all": false, "is_public_listed": true}}, {"model": "main.pinventory", "pk": 2, "fields": {"owner": 1, "is_public_all": false, "is_public_listed": true}}, {"model": "main.pinventory", "pk": 3, "fields": {"owner": 3, "is_public_all": true, "is_public_listed": true}}, {"model": "main.item", "pk": 1, "fields": {"name": "test pin1", "is_accepted": true, "type": false, "source": "WDW", "release_date": null, "release_notes": null, "edition_type": "Limited Edition", "edition_size": 500, "original_price": "10.00", "is_retired": null, "retired_date": null, "has_ap": false, "ap_qty": 0, "has_pp": false, "pp_qty": 0, "descrip": "", "slug": "test-pin1", "date_item_added": "2021-06-24T03:21:20.546Z", "submitted_by": 1}}, {"model": "main.item", "pk": 2, "fields": {"name": "test pin5 mickey", "is_accepted": true, "type": false, "source": "DLR", "release_date": null, "release_notes": null, "edition_type": "Open Edition", "edition_size": null, "original_price": "8.99", "is_retired": null, "retired_date": null, "has_ap": false, "ap_qty": 0, "has_pp": false, "pp_qty": 0, "descrip": "", "slug": "test-pin5-mickey", "date_item_added": "2021-06-24T03:22:12.307Z", "submitted_by": 1}}, {"model": "main.item", "pk": 3, "fields": {"name": "test pin6 minnie", "is_accepted": false, "type": false, "source": "DLR", "release_date": null, "release_notes": null, "edition_type": "Open Edition", "edition_size": null, "original_price": null, "is_retired": null, "retired_date": null, "has_ap": false, "ap_qty": 0, "has_pp": false, "pp_qty": 0, "descrip": "", "slug": "test-pin6-minnie", "date_item_added": "2021-06-24T03:23:02.236Z", "submitted_by": 1}}, {"model": "main.item", "pk": 4, "fields": {"name": "test pinset1", "is_accepted": false, "type": true, "source": "WDW", "release_date": null, "release_notes": null, "edition_type": "Limited Edition", "edition_size": 2500, "original_price": "50.00", "is_retired": null, "retired_date": null, "has_ap": false, "ap_qty": 0, "has_pp": false, "pp_qty": 0, "descrip": "", "slug": "test-pinset1", "date_item_added": "2021-06-24T03:24:00.728Z", "submitted_by": 1}}, {"model": "main.item", "pk": 5, "fields": {"name": "test pin7 goofy", "is_accepted": true, "type": false, "source": "Disney Catalog", "release_date": null, "release_notes": null, "edition_type": null, "edition_size": null, "original_price": "15.00", "is_retired": null, "retired_date": null, "has_ap": false, "ap_qty": 0, "has_pp": false, "pp_qty": 0, "descrip": "", "slug": "test-pin7-goofy", "date_item_added": "2021-06-24T03:33:34.443Z", "submitted_by": 1}}, {"model": "main.item", "pk": 6, "fields": {"name": "test pin2", "is_accepted": false, "type": false, "source": "DLR", "release_date": null, "release_notes": null, "edition_type": "Open Edition", "edition_size": null, "original_price": "15.00", "is_retired": null, "retired_date": null, "has_ap": false, "ap_qty": 0, "has_pp": false, "pp_qty": 0, "descrip": "", "slug": "test-pin2", "date_item_added": "2021-06-24T03:34:35.183Z", "submitted_by": 1}}, {"model": "main.item", "pk": 7, "fields": {"name": "test pin3", "is_accepted": false, "type": false, "source": "DLRP", "release_date": null, "release_notes": null, "edition_type": null, "edition_size": null, "original_price": "15.00", "is_retired": null, "retired_date": null, "has_ap": false, "ap_qty": 0, "has_pp": false, "pp_qty": 0, "descrip": "", "slug": "test-pin3", "date_item_added": "2021-06-24T03:35:08.340Z", "submitted_by": 1}}, {"model": "main.item", "pk": 8, "fields": {"name": "test pinset2", "is_accepted": false, "type": false, "source": "DLR", "release_date": null, "release_notes": null, "edition_type": "Limited Edition", "edition_size": 1000, "original_price": null, "is_retired": null, "retired_date": null, "has_ap": false, "ap_qty": 0, "has_pp": false, "pp_qty": 0, "descrip": "", "slug": "test-pinset2", "date_item_added": "2021-06-24T03:35:55.012Z", "submitted_by": 1}}, {"model": "main.pinset", "pk": 4, "fields": {"qty_in_set": 5}}, {"model": "main.pinset", "pk": 8, "fields": {"qty_in_set": 2}}, {"model": "main.pin", "pk": 1, "fields": {"is_included_in_set": false, "is_fantasy": false}}, {"model": "main.pin", "pk": 2, "fields": {"is_included_in_set": false, "is_fantasy": false}}, {"model": "main.pin", "pk": 3, "fields": {"is_included_in_set": false, "is_fantasy": false}}, {"model": "main.pin", "pk": 5, "fields": {"is_included_in_set": false, "is_fantasy": false}}, {"model": "main.pin", "pk": 6, "fields": {"is_included_in_set": true, "is_fantasy": false}}, {"model": "main.pin", "pk": 7, "fields": {"is_included_in_set": true, "is_fantasy": false}}, {"model": "main.pinsetcontent", "pk": 1, "fields": {"set": 4, "pin_in_set": 1}}, {"model": "main.pinsetcontent", "pk": 2, "fields": {"set": 8, "pin_in_set": 6}}, {"model": "main.itemimage", "pk": 1, "fields": {"image": "images/20190201_144454_Burst01.jpg", "item": 1, "is_primary": true, "date_image_added": "2021-06-24T03:26:25.821Z"}}, {"model": "main.itemimage", "pk": 2, "fields": {"image": "images/20190204_101439.jpg", "item": 2, "is_primary": true, "date_image_added": "2021-06-24T03:26:45.629Z"}}, {"model": "main.itemimage", "pk": 3, "fields": {"image": "images/20200317_114239_Burst01.jpg", "item": 4, "is_primary": true, "date_image_added": "2021-06-24T03:27:47.659Z"}}, {"model": "main.itemimage", "pk": 4, "fields": {"image": "images/20200420_103401.jpg", "item": 3, "is_primary": true, "date_image_added": "2021-06-24T03:28:46.848Z"}}, {"model": "main.itemimage", "pk": 5, "fields": {"image": "images/20190204_092041.jpg", "item": 6, "is_primary": true, "date_image_added": "2021-06-24T03:36:53.780Z"}}, {"model": "main.itemimage", "pk": 6, "fields": {"image": "images/20190201_151521.jpg", "item": 7, "is_primary": true, "date_image_added": "2021-06-24T03:37:21.464Z"}}, {"model": "main.itemimage", "pk": 7, "fields": {"image": "images/20190203_182404.jpg", "item": 5, "is_primary": true, "date_image_added": "2021-06-24T03:37:37.755Z"}}, {"model": "main.pinventorycontent", "pk": 1, "fields": {"pinventory": 1, "item": 2, "quantity": 1, "date_item_added": "2021-06-24T03:25:15.305Z", "date_qty_update": "2021-06-24T03:24:52Z", "date_removed": null, "hidden_for_set": false, "status": 1}}, {"model": "main.pinventorycontent", "pk": 2, "fields": {"pinventory": 1, "item": 4, "quantity": 1, "date_item_added": "2021-06-24T03:25:34.996Z", "date_qty_update": "2021-06-24T03:25:18Z", "date_removed": null, "hidden_for_set": true, "status": 1}}, {"model": "main.pinventorycontent", "pk": 3, "fields": {"pinventory": 1, "item": 2, "quantity": 1, "date_item_added": "2021-06-24T03:25:51.449Z", "date_qty_update": "2021-06-24T03:25:38Z", "date_removed": null, "hidden_for_set": false, "status": 1}}, {"model": "main.pinventorycontent", "pk": 4, "fields": {"pinventory": 2, "item": 3, "quantity": 1, "date_item_added": "2021-06-24T03:26:02.401Z", "date_qty_update": "2021-06-24T03:25:53Z", "date_removed": null, "hidden_for_set": true, "status": 1}}, {"model": "main.pinventorycontent", "pk": 5, "fields": {"pinventory": 3, "item": 5, "quantity": 1, "date_item_added": "2021-07-28T01:13:57.072Z", "date_qty_update": "2021-07-28T01:13:35Z", "date_removed": null, "hidden_for_set": true, "status": 1}}, {"model": "main.pinventorycontent", "pk": 6, "fields": {"pinventory": 3, "item": 3, "quantity": 1, "date_item_added": "2021-07-28T01:14:13.281Z", "date_qty_update": "2021-07-28T01:14:00Z", "date_removed": null, "hidden_for_set": true, "status": 1}}, {"model": "trans.listing", "pk": 1, "fields": {"pinventory_content": 2, "for_sale": true, "for_trade": true, "qty_available": 1, "condition": "1", "descrip": "", "price": "50.00", "date_listing_created": "2021-06-24T03:29:25.818Z", "is_inactive": false}}, {"model": "trans.listing", "pk": 2, "fields": {"pinventory_content": 4, "for_sale": true, "for_trade": true, "qty_available": 1, "condition": "1", "descrip": "", "price": "8.50", "date_listing_created": "2021-06-24T03:30:03.083Z", "is_inactive": false}}, {"model": "trans.listing", "pk": 3, "fields": {"pinventory_content": 5, "for_sale": true, "for_trade": true, "qty_available": 1, "condition": "1", "descrip": "", "price": "10.00", "date_listing_created": "2021-07-28T01:33:31.676Z", "is_inactive": false}}, {"model": "trans.listing", "pk": 4, "fields": {"pinventory_content": 6, "for_sale": true, "for_trade": true, "qty_available": 1, "condition": "2", "descrip": "", "price": "15.00", "date_listing_created": "2021-07-28T01:33:52.756Z", "is_inactive": false}}, {"model": "trans.listingimage", "pk": 1, "fields": {"image": "images/20190208_203434_Burst01.jpg", "listing": 1, "is_primary": true, "date_image_added": "2021-06-24T03:30:35.932Z"}}, {"model": "trans.listingimage", "pk": 2, "fields": {"image": "images/20190207_103414_Burst01.jpg", "listing": 2, "is_primary": true, "date_image_added": "2021-06-24T03:30:55.348Z"}}, {"model": "trans.listingimage", "pk": 3, "fields": {"image": "images/20190207_103414_Burst01_l2844jf.jpg", "listing": 2, "is_primary": true, "date_image_added": "2021-06-24T03:31:58.358Z"}}, {"model": "orders.order", "pk": 1, "fields": {"buyer": 2, "buyer_firstname": "Kim", "buyer_lastname": "Kelleher", "email": "irisa99@gmail.com", "ship_to": 1, "status": null, "date_created": "2021-07-01T07:47:06.409Z", "last_update": "2021-07-01T07:47:06.410Z", "cart_total": "0.00", "shipping": "0.00", "sales_tax": "0.00", "total_paid": "8.50", "paid": false, "gateway": "paypal", "payment_intent": null}}, {"model": "orders.order", "pk": 2, "fields": {"buyer": 2, "buyer_firstname": "Kim", "buyer_lastname": "Kelleher", "email": "irisa99@gmail.com", "ship_to": 1, "status": null, "date_created": "2021-07-01T07:48:39.969Z", "last_update": "2021-07-01T07:48:39.969Z", "cart_total": "0.00", "shipping": "0.00", "sales_tax": "0.00", "total_paid": "8.50", "paid": false, "gateway": "paypal", "payment_intent": null}}, {"model": "orders.order", "pk": 3, "fields": {"buyer": 2, "buyer_firstname": "Kim", "buyer_lastname": "Kelleher", "email": "irisa99@gmail.com", "ship_to": 1, "status": null, "date_created": "2021-07-01T07:53:48.157Z", "last_update": "2021-07-01T07:53:48.157Z", "cart_total": "0.00", "shipping": "0.00", "sales_tax": "0.00", "total_paid": "8.50", "paid": false, "gateway": "paypal", "payment_intent": null}}, {"model": "orders.order", "pk": 4, "fields": {"buyer": 2, "buyer_firstname": "Kim", "buyer_lastname": "Kelleher", "email": "irisa99@gmail.com", "ship_to": 1, "status": null, "date_created": "2021-07-01T07:58:52.785Z", "last_update": "2021-07-01T07:58:52.785Z", "cart_total": "0.00", "shipping": "0.00", "sales_tax": "0.00", "total_paid": "8.50", "paid": false, "gateway": "paypal", "payment_intent": null}}, {"model": "orders.order", "pk": 5, "fields": {"buyer": 2, "buyer_firstname": "Kim", "buyer_lastname": "Kelleher", "email": "irisa99@gmail.com", "ship_to": 1, "status": null, "date_created": "2021-07-01T08:03:14.194Z", "last_update": "2021-07-01T08:03:14.194Z", "cart_total": "0.00", "shipping": "0.00", "sales_tax": "0.00", "total_paid": "8.50", "paid": false, "gateway": "paypal", "payment_intent": null}}, {"model": "orders.order", "pk": 6, "fields": {"buyer": 2, "buyer_firstname": "Kim", "buyer_lastname": "Kelleher", "email": "irisa99@gmail.com", "ship_to": 1, "status": null, "date_created": "2021-07-01T08:03:15.976Z", "last_update": "2021-07-01T08:03:15.976Z", "cart_total": "0.00", "shipping": "0.00", "sales_tax": "0.00", "total_paid": "8.50", "paid": false, "gateway": "paypal", "payment_intent": null}}, {"model": "orders.order", "pk": 7, "fields": {"buyer": 2, "buyer_firstname": "Kim", "buyer_lastname": "Kelleher", "email": "irisa99@gmail.com", "ship_to": 1, "status": null, "date_created": "2021-07-01T08:03:18.446Z", "last_update": "2021-07-01T08:03:18.446Z", "cart_total": "0.00", "shipping": "0.00", "sales_tax": "0.00", "total_paid": "8.50", "paid": false, "gateway": "paypal", "payment_intent": null}}, {"model": "orders.order", "pk": 8, "fields": {"buyer": 2, "buyer_firstname": "Kim", "buyer_lastname": "Kelleher", "email": "irisa99@gmail.com", "ship_to": 1, "status": null, "date_created": "2021-07-25T17:46:02.024Z", "last_update": "2021-07-25T17:46:02.024Z", "cart_total": "58.50", "shipping": "0.00", "sales_tax": "0.00", "total_paid": "58.50", "paid": false, "gateway": "paypal", "payment_intent": "62R47459KD891811W"}}, {"model": "orders.order", "pk": 9, "fields": {"buyer": 2, "buyer_firstname": "Kim", "buyer_lastname": "Kelleher", "email": "irisa99@gmail.com", "ship_to": 1, "status": null, "date_created": "2021-07-25T17:47:10.655Z", "last_update": "2021-07-25T17:47:10.655Z", "cart_total": "58.50", "shipping": "0.00", "sales_tax": "0.00", "total_paid": "58.50", "paid": false, "gateway": "paypal", "payment_intent": "90S73674FM8525009"}}, {"model": "orders.order", "pk": 10, "fields": {"buyer": 2, "buyer_firstname": "Kim", "buyer_lastname": "Kelleher", "email": "irisa99@gmail.com", "ship_to": 1, "status": null, "date_created": "2021-07-25T17:49:23.578Z", "last_update": "2021-07-25T17:49:23.578Z", "cart_total": "58.50", "shipping": "0.00", "sales_tax": "0.00", "total_paid": "58.50", "paid": false, "gateway": "paypal", "payment_intent": "61A57307SR216330A"}}, {"model": "orders.order", "pk": 11, "fields": {"buyer": 2, "buyer_firstname": "Kim", "buyer_lastname": "Kelleher", "email": "irisa99@gmail.com", "ship_to": 1, "status": "paid", "date_created": "2021-07-25T17:51:17.523Z", "last_update": "2021-07-25T17:51:18.657Z", "cart_total": "58.50", "shipping": "0.00", "sales_tax": "0.00", "total_paid": "58.50", "paid": true, "gateway": "paypal", "payment_intent": "55G96504FE729563S"}}, {"model": "orders.order", "pk": 12, "fields": {"buyer": 2, "buyer_firstname": "Kim", "buyer_lastname": "Kelleher", "email": "irisa99@gmail.com", "ship_to": 1, "status": "paid", "date_created": "2021-07-29T23:50:04.144Z", "last_update": "2021-07-29T23:50:05.050Z", "cart_total": "33.50", "shipping": "0.00", "sales_tax": "0.00", "total_paid": "33.50", "paid": true, "gateway": "paypal", "payment_intent": "7S435777DM759635P"}}, {"model": "orders.orderitem", "pk": 1, "fields": {"order": 11, "listing": 2, "quantity": 1, "price": "8.50", "seller": 1, "seller_payout": "0.00", "payout_complete": false}}, {"model": "orders.orderitem", "pk": 2, "fields": {"order": 11, "listing": 1, "quantity": 1, "price": "50.00", "seller": 2, "seller_payout": "0.00", "payout_complete": false}}, {"model": "orders.orderitem", "pk": 3, "fields": {"order": 12, "listing": 2, "quantity": 1, "price": "8.50", "seller": 1, "seller_payout": "0.00", "payout_complete": false}}, {"model": "orders.orderitem", "pk": 4, "fields": {"order": 12, "listing": 4, "quantity": 1, "price": "15.00", "seller": 3, "seller_payout": "0.00", "payout_complete": false}}, {"model": "orders.orderitem", "pk": 5, "fields": {"order": 12, "listing": 3, "quantity": 1, "price": "10.00", "seller": 3, "seller_payout": "0.00", "payout_complete": false}}]